<?xml version="1.0" encoding="UTF-8" standalone="yes"?>
<app version="1">
  <name>Headtracking</name>
  <coder>PaulWagener</coder>
  <version>1.0</version>
  <short_description>Headtracking Demo</short_description> 
  <long_description>Demo inspired by Johnny Chung Lees YouTube video of headtracking.
Put the Wiimote by your TV-set while you hold the sensorbar above or under your head.
The image will zoom and pan around as you move in front of the TV.
   
   Controls:
   Home - Back to Homebrew channel
   A - Show debug information
   D-pad plus minus - change variables</long_description> 
</app>
